1.875415891408920288e-01,4.827877134084701538e-02,-1.213326975703239441e-01,-1.045947149395942688e-01,-3.618236780166625977e-01,3.046434521675109863e-01,4.640126973390579224e-02,7.814688980579376221e-02,-4.069696664810180664e-01,-8.037072420120239258e-02
-1.123005896806716919e-02,5.629741773009300232e-02,3.912030160427093506e-02,-1.727007776498794556e-01,8.176877349615097046e-02,-3.348557949066162109e-01,7.096856832504272461e-02,1.363774985074996948e-01,6.545790284872055054e-02,6.023630872368812561e-02
-1.329531818628311157e-01,-2.817779183387756348e-01,1.550296843051910400e-01,-1.997998915612697601e-02,1.220057904720306396e-01,-8.686894923448562622e-02,1.419185698032379150e-01,-1.939922571182250977e-02,-2.285872846841812134e-01,8.103761076927185059e-02
-3.223315179347991943e-01,1.580821871757507324e-01,5.735402554273605347e-02,1.274189800024032593e-01,-1.123187616467475891e-01,3.071654401719570160e-02,2.930595912039279938e-02,-1.736634075641632080e-01,-1.081055551767349243e-01,-2.579599916934967041e-01
-2.328883558511734009e-01,-3.503464460372924805e-01,7.736703753471374512e-02,2.246261835098266602e-01,2.451593242585659027e-02,1.027992069721221924e-01,-2.509283423423767090e-01,1.364113986492156982e-01,-2.360493093729019165e-01,1.410278975963592529e-01
1.353617757558822632e-01,1.065697744488716125e-01,1.981818303465843201e-02,6.505654007196426392e-02,-3.032400310039520264e-01,-1.938954740762710571e-02,5.714417621493339539e-02,-2.584360837936401367e-01,1.843162626028060913e-02,-1.270768046379089355e-01
-1.320368349552154541e-01,-2.364164143800735474e-01,-1.681985855102539062e-01,-1.517668180167675018e-02,1.385947316884994507e-01,-5.319197103381156921e-02,9.056679159402847290e-02,-2.228564210236072540e-02,-5.751512944698333740e-02,1.270652115345001221e-01
5.514191836118698120e-02,-2.997788190841674805e-01,1.405030488967895508e-01,1.415116339921951294e-01,-1.912195980548858643e-01,-1.273798639886081219e-03,-1.817860007286071777e-01,-2.126896530389785767e-01,1.134797558188438416e-01,4.662190377712249756e-02
1.224505826830863953e-01,-2.825308442115783691e-01,2.117899246513843536e-02,-1.342165470123291016e-01,-1.805232018232345581e-01,-1.216605603694915771e-01,4.359475150704383850e-02,1.030463054776191711e-01,7.505384832620620728e-02,-3.827476501464843750e-02
5.133493989706039429e-02,-3.039536178112030029e-01,-3.416656516492366791e-03,-3.370777070522308350e-01,1.579190343618392944e-01,2.624461352825164795e-01,1.831455677747726440e-01,6.507764756679534912e-02,1.447597444057464600e-01,-4.252156019210815430e-01
-6.177072972059249878e-02,1.094120442867279053e-01,-3.188952207565307617e-01,-1.852332502603530884e-01,1.763111650943756104e-01,2.309756539762020111e-02,1.395005080848932266e-02,3.067687712609767914e-02,-1.331968605518341064e-01,1.417134404182434082e-01
-5.684827640652656555e-02,-4.736627638339996338e-02,1.570783257484436035e-01,3.535805642604827881e-02,2.519482076168060303e-01,6.785295158624649048e-02,-1.993211805820465088e-01,4.431239143013954163e-02,-6.775448471307754517e-02,-2.084281146526336670e-01
6.837398558855056763e-02,-4.339364916086196899e-02,7.438326720148324966e-03,-5.968564655631780624e-03,3.734022378921508789e-02,2.220208011567592621e-02,1.376540865749120712e-02,-8.378502726554870605e-02,2.934258431196212769e-02,4.921341314911842346e-02
-1.697111725807189941e-01,-1.078126132488250732e-01,-2.022710740566253662e-01,7.825324684381484985e-02,1.507067680358886719e-02,1.069557070732116699e-01,-1.564012169837951660e-01,5.818694829940795898e-02,4.867755994200706482e-02,3.203182294964790344e-02
1.344097554683685303e-01,-2.316816151142120361e-01,6.575149297714233398e-02,7.008597999811172485e-02,1.303104162216186523e-01,-1.218707934021949768e-01,-2.249156683683395386e-01,9.062265604734420776e-02,5.030074156820774078e-03,1.204784885048866272e-01
1.094434261322021484e-01,-2.087174206972122192e-01,1.248809173703193665e-01,-2.619723789393901825e-02,8.454114943742752075e-02,9.769930690526962280e-02,-2.715922892093658447e-01,1.549815684556961060e-01,-2.287568002939224243e-01,2.136975340545177460e-02
6.412295252084732056e-02,1.513421386480331421e-01,3.566427156329154968e-02,-3.118584454059600830e-01,2.430988252162933350e-01,-6.113706231117248535e-01,-3.459070250391960144e-02,2.246951609849929810e-01,-6.441288441419601440e-02,-3.535009324550628662e-01
5.701315402984619141e-02,-2.535100579261779785e-01,2.414064705371856689e-01,3.343976289033889771e-02,9.758720546960830688e-02,-1.156816035509109497e-01,1.182181090116500854e-01,1.426930427551269531e-01,-5.153591632843017578e-01,9.912964701652526855e-02
-1.486116945743560791e-01,-1.736083179712295532e-01,1.642219722270965576e-01,7.170720398426055908e-02,-5.752045512199401855e-01,3.173874020576477051e-01,4.571497812867164612e-02,3.171603083610534668e-01,-3.130094110965728760e-01,-5.884166955947875977e-01
-2.064885646104812622e-01,2.708587609231472015e-02,9.533391147851943970e-02,-1.429861690849065781e-02,-1.400556564331054688e-01,-4.034940898418426514e-02,7.062769681215286255e-02,-1.041078194975852966e-02,3.133352845907211304e-02,-3.691973686218261719e-01
-2.067731879651546478e-02,-3.801756352186203003e-02,1.215349510312080383e-01,-6.530202925205230713e-02,-5.983481928706169128e-02,-1.235244646668434143e-01,2.449831180274486542e-02,-1.737302988767623901e-01,1.678278595209121704e-01,-5.715182051062583923e-02
-3.456678688526153564e-01,1.524980068206787109e-01,2.321213632822036743e-01,-2.241301983594894409e-01,-8.291977643966674805e-02,2.186691612005233765e-01,-1.088498905301094055e-02,4.908025264739990234e-02,-2.216092497110366821e-01,-1.948256045579910278e-01
-2.134214341640472412e-01,1.002399697899818420e-01,1.534386128187179565e-01,-1.986201405525207520e-01,-7.463771849870681763e-02,-1.074088551104068756e-02,1.008222177624702454e-01,-4.011387228965759277e-01,-8.121538907289505005e-02,1.149015873670578003e-01
6.647923588752746582e-02,7.343427836894989014e-02,1.795763522386550903e-01,4.121937789022922516e-03,-1.473216712474822998e-01,1.101596504449844360e-01,1.512938588857650757e-01,-1.710871756076812744e-01,-2.069784561172127724e-03,-4.610128998756408691e-01
6.096804887056350708e-02,4.007233381271362305e-01,-3.908584117889404297e-01,3.418871015310287476e-02,3.265599533915519714e-02,6.860359758138656616e-02,1.621416956186294556e-01,2.577642202377319336e-01,-2.576909959316253662e-01,-2.397280782461166382e-01
-4.217883944511413574e-01,5.565627664327621460e-02,-1.732916682958602905e-01,1.090771555900573730e-01,3.400027379393577576e-02,1.981255970895290375e-02,2.633943036198616028e-02,7.863356918096542358e-02,-1.348153948783874512e-01,8.656605333089828491e-02
-6.339347362518310547e-02,-1.559969224035739899e-02,-2.319891750812530518e-01,-1.591445505619049072e-02,1.012236252427101135e-01,-3.518065437674522400e-02,1.345500070601701736e-02,-2.262020409107208252e-01,3.620671480894088745e-02,1.043650507926940918e-01
7.103857398033142090e-02,-1.159924827516078949e-02,2.537777833640575409e-02,-7.389529794454574585e-02,-6.497094780206680298e-02,-1.258844695985317230e-02,-6.986338645219802856e-02,8.452209644019603729e-03,4.815265163779258728e-02,-8.302329480648040771e-02
-3.723263442516326904e-01,1.139050498604774475e-01,1.692441105842590332e-01,-2.033437639474868774e-01,-2.694196403026580811e-01,3.329260945320129395e-01,-1.348255276679992676e-01,1.539366245269775391e-01,2.288321265950798988e-03,8.008289337158203125e-02
-1.455008685588836670e-01,-7.105783373117446899e-02,-4.273402690887451172e-02,9.281542897224426270e-02,-2.088468521833419800e-01,1.215315610170364380e-01,1.259621679782867432e-01,-2.930725812911987305e-01,1.098905205726623535e-01,-2.355985529720783234e-02
-8.338098973035812378e-02,-9.676138870418071747e-03,-4.008731618523597717e-02,8.854104205965995789e-03,-1.381209865212440491e-02,1.377737615257501602e-03,-5.682434514164924622e-02,1.091116573661565781e-03,6.100459024310112000e-02,2.339494414627552032e-02
-2.702325396239757538e-02,4.643030837178230286e-02,7.533618807792663574e-02,-2.376049160957336426e-01,-7.876569777727127075e-02,1.115705296397209167e-01,1.987774372100830078e-01,-1.582374423742294312e-01,1.372848451137542725e-01,4.545446112751960754e-02
-9.002681076526641846e-02,-1.696181148290634155e-01,-1.126280352473258972e-01,1.146633028984069824e-01,1.432295739650726318e-01,-1.339069902896881104e-01,9.816190600395202637e-02,3.567201271653175354e-02,-1.488876342773437500e-01,-1.741460561752319336e-01
1.763903796672821045e-01,3.026564717292785645e-01,5.985856056213378906e-02,-2.928563356399536133e-01,2.127272933721542358e-01,-2.753065824508666992e-01,2.797691337764263153e-02,-6.964527070522308350e-02,-1.249128505587577820e-01,3.201455995440483093e-02
6.145510450005531311e-02,3.286719322204589844e-01,5.598650872707366943e-02,-6.729866564273834229e-02,-4.567450582981109619e-01,2.247472256422042847e-01,-2.983471937477588654e-02,1.461469829082489014e-01,-3.507907688617706299e-01,-5.139565840363502502e-02
-6.049232557415962219e-02,9.524694830179214478e-02,4.191446676850318909e-02,1.235923022031784058e-01,-1.410832703113555908e-01,1.693993657827377319e-01,5.365467071533203125e-02,-3.618079721927642822e-01,-2.177136689424514771e-01,-1.978292167186737061e-01
4.297353327274322510e-02,1.170197427272796631e-01,5.192439630627632141e-02,-9.981664828956127167e-03,-1.861049234867095947e-01,-5.725057050585746765e-02,6.877873837947845459e-02,-2.486322522163391113e-01,1.209428310394287109e-01,-1.235894188284873962e-01
-1.205625459551811218e-01,-1.761686205863952637e-01,6.475386023521423340e-02,-4.504214972257614136e-02,9.554067999124526978e-02,-5.854688212275505066e-02,1.408073455095291138e-01,-1.211200207471847534e-01,9.551031142473220825e-02,-2.468989975750446320e-02
8.770051598548889160e-02,-1.001113727688789368e-01,3.216218436136841774e-03,4.678945615887641907e-02,2.956182882189750671e-02,4.018671810626983643e-02,1.059891190379858017e-02,-2.339879274368286133e-01,1.329979300498962402e-01,-2.761740423738956451e-02
3.613172471523284912e-02,1.706736348569393158e-02,1.724230498075485229e-01,-2.176235020160675049e-01,3.972733393311500549e-02,2.856561243534088135e-01,-4.114500582218170166e-01,1.016570255160331726e-01,-3.665578663349151611e-01,1.501650065183639526e-01
6.324886530637741089e-02,8.005204051733016968e-02,1.193541064858436584e-01,3.534469008445739746e-02,-9.617948532104492188e-02,-2.864298522472381592e-01,7.859328389167785645e-02,7.471926510334014893e-02,-1.730952225625514984e-02,9.916938096284866333e-02
1.328271776437759399e-01,-2.539858222007751465e-01,-1.098771393299102783e-01,-6.422779709100723267e-02,-2.267685532569885254e-02,-7.191248983144760132e-02,3.840042650699615479e-02,-1.213584244251251221e-01,6.438317894935607910e-02,5.129925534129142761e-02
1.015426591038703918e-01,-2.326677888631820679e-01,-7.371389120817184448e-02,-1.409296989440917969e-01,1.529864668846130371e-01,5.674126744270324707e-02,-8.123968541622161865e-02,3.805106878280639648e-02,9.664405882358551025e-02,-6.001267582178115845e-02
-1.450158357620239258e-01,4.573617503046989441e-02,-3.098166286945343018e-01,1.754402965307235718e-01,1.972861438989639282e-01,1.800762563943862915e-01,-2.531328201293945312e-01,-1.966299861669540405e-01,-5.242079123854637146e-02,1.176453530788421631e-01
1.306520700454711914e-01,5.297987163066864014e-02,8.189584314823150635e-02,9.982242435216903687e-02,-3.516542315483093262e-01,-3.679445981979370117e-01,1.682293713092803955e-01,3.848796710371971130e-02,1.403268706053495407e-02,1.256238669157028198e-01
1.282920092344284058e-01,-2.556547224521636963e-01,1.380075365304946899e-01,-9.868416190147399902e-02,1.175971105694770813e-01,3.027421794831752777e-02,1.234489828348159790e-01,-1.955968886613845825e-01,-8.359818905591964722e-02,-1.821017861366271973e-01
-1.803838908672332764e-01,-2.258749157190322876e-01,-1.005917787551879883e-01,5.198477953672409058e-02,8.679310791194438934e-03,7.589243352413177490e-02,2.238946035504341125e-02,6.943492684513330460e-03,2.016697824001312256e-02,1.021136417984962463e-01
-1.013597771525382996e-01,-9.698803722858428955e-02,-3.237506151199340820e-01,2.223904617130756378e-02,7.389192283153533936e-02,1.786361187696456909e-01,9.681326150894165039e-02,-8.976712077856063843e-02,7.527400553226470947e-02,3.843439370393753052e-02
-9.718464314937591553e-02,-1.148625686764717102e-01,-8.058444410562515259e-02,-1.957594044506549835e-02,-1.348262727260589600e-01,9.569191932678222656e-02,-1.551920473575592041e-01,4.401928558945655823e-02,1.616526842117309570e-01,5.222921818494796753e-02
-2.044428884983062744e-01,-1.783944666385650635e-01,-4.385172575712203979e-02,1.105849221348762512e-01,-1.177628617733716965e-02,1.212549358606338501e-01,-1.249003112316131592e-01,-6.894892454147338867e-02,8.298718929290771484e-02,1.288297679275274277e-02
-2.299270480871200562e-01,1.263561695814132690e-01,-1.149950549006462097e-02,2.155079841613769531e-01,1.366639733314514160e-01,-1.957971975207328796e-02,1.089411675930023193e-01,2.533489167690277100e-01,-6.421975791454315186e-02,-4.601440131664276123e-01
8.535163849592208862e-02,-2.910467684268951416e-01,-1.368951797485351562e-01,9.750622510910034180e-02,-1.390651762485504150e-01,3.844062238931655884e-02,-2.026062607765197754e-01,4.472078289836645126e-03,-7.689066696912050247e-03,1.092982664704322815e-01
1.536660641431808472e-02,-2.365634143352508545e-01,3.533842042088508606e-02,-7.761997729539871216e-02,3.010086156427860260e-02,-4.484718665480613708e-02,4.403782635927200317e-02,2.370841614902019501e-02,8.565965294837951660e-02,1.392818838357925415e-01
3.625029232352972031e-03,2.196072638034820557e-01,3.146680593490600586e-01,-3.390146791934967041e-01,1.090799691155552864e-03,-6.918041110038757324e-01,-1.804594993591308594e-01,2.506020478904247284e-02,4.384002462029457092e-02,-6.883274018764495850e-02
8.987159281969070435e-02,1.321255415678024292e-01,1.022494733333587646e-01,1.503406912088394165e-01,-3.353710770606994629e-01,-4.200811982154846191e-01,-4.423656463623046875e-01,1.314800139516592026e-02,-3.704956546425819397e-02,1.435131430625915527e-01
-2.746740877628326416e-01,-3.406680747866630554e-02,1.899821758270263672e-01,1.013060808181762695e-01,-1.615098118782043457e-01,-4.489964991807937622e-02,-3.977870345115661621e-01,1.089419126510620117e-01,8.949142694473266602e-02,-1.890697516500949860e-02
1.720400303602218628e-01,-7.956641167402267456e-02,-6.391589045524597168e-01,-2.383749186992645264e-01,-1.557428622618317604e-03,2.662796974182128906e-01,2.542849779129028320e-01,-2.466229945421218872e-01,-9.931929409503936768e-03,1.642949134111404419e-01
-1.368438899517059326e-01,6.049684807658195496e-02,-6.403163075447082520e-01,7.321019470691680908e-02,1.148226410150527954e-01,1.751862615346908569e-01,-1.640238761901855469e-01,-7.853355258703231812e-02,1.610434614121913910e-02,1.764743328094482422e-01
-3.913976550102233887e-01,8.461745083332061768e-02,1.193748340010643005e-01,9.530988335609436035e-02,-1.797803491353988647e-01,7.220719754695892334e-02,-1.503294408321380615e-01,8.269732445478439331e-02,1.133508309721946716e-01,-3.170091509819030762e-01
5.868268013000488281e-02,8.794794976711273193e-02,-1.159768435172736645e-03,1.189126372337341309e-01,-2.764866352081298828e-01,-8.193933218717575073e-02,1.297019049525260925e-02,1.265035476535558701e-02,8.449289202690124512e-02,-8.261266350746154785e-02
-1.080421283841133118e-01,1.281917840242385864e-01,-3.937746398150920868e-03,1.453546136617660522e-01,-2.385400533676147461e-01,2.281158566474914551e-01,-5.171098113059997559e-01,4.556287825107574463e-02,-2.545548081398010254e-01,2.675138646736741066e-03
-3.316720202565193176e-02,-2.213882096111774445e-02,1.263749450445175171e-01,-1.776116639375686646e-01,1.623753458261489868e-01,-3.097788691520690918e-01,-1.963698267936706543e-01,2.183034121990203857e-01,-1.400005370378494263e-01,-1.177564412355422974e-01
4.915921762585639954e-02,-1.024376451969146729e-01,-6.668516993522644043e-02,-1.947373151779174805e-01,1.630251705646514893e-01,-1.654702872037887573e-01,-1.408171746879816055e-02,5.419526621699333191e-02,-2.237989008426666260e-02,2.566387690603733063e-02
1.484407186508178711e-01,9.113848209381103516e-02,9.592497348785400391e-02,1.156730875372886658e-01,1.406027376651763916e-01,7.120787352323532104e-02,1.336149033159017563e-02,3.246213197708129883e-01,-3.234604299068450928e-01,-3.820355236530303955e-01
-3.567177653312683105e-01,1.625661849975585938e-01,-9.754057228565216064e-02,-2.434526085853576660e-01,2.522358298301696777e-02,-3.313626050949096680e-01,1.807318627834320068e-01,2.184110879898071289e-01,-1.221226751804351807e-01,4.673271998763084412e-02
1.630720347166061401e-01,5.949442088603973389e-02,-3.417321443557739258e-01,1.342663019895553589e-01,-1.239202022552490234e-01,-2.843973338603973389e-01,3.612334281206130981e-02,1.273256838321685791e-01,-1.518334001302719116e-01,2.005705386400222778e-01
-2.674730420112609863e-01,1.977944523096084595e-01,1.276538223028182983e-01,2.278806567192077637e-01,1.668425649404525757e-01,-4.197321534156799316e-01,-2.227384299039840698e-01,1.293521821498870850e-01,-1.152402311563491821e-01,3.147723898291587830e-02
-4.491274058818817139e-02,1.111629679799079895e-01,7.432585116475820541e-03,4.679500591009855270e-03,-2.311747372150421143e-01,8.164275437593460083e-02,-1.498977243900299072e-01,-2.245944142341613770e-01,4.085458815097808838e-02,5.024190247058868408e-02
-8.255539089441299438e-02,-9.014400839805603027e-02,1.479063332080841064e-01,1.404668241739273071e-01,-6.054403781890869141e-01,-9.670162945985794067e-02,-2.053016573190689087e-01,1.746346056461334229e-01,4.671883583068847656e-02,8.275384083390235901e-03
1.047077551484107971e-01,-5.353996157646179199e-02,-4.725999385118484497e-02,7.287769764661788940e-02,-1.313624382019042969e-01,1.595449820160865784e-02,1.460597664117813110e-01,-2.037622183561325073e-01,8.321065455675125122e-02,-9.626676142215728760e-02
1.387068480253219604e-01,3.120244946330785751e-03,-9.471434354782104492e-02,3.489485010504722595e-02,-4.215863645076751709e-01,-1.512917317450046539e-02,6.479091476649045944e-03,-2.116844505071640015e-01,1.566286087036132812e-01,-1.693191565573215485e-02
3.314285422675311565e-04,-1.817115407902747393e-04,-6.649509072303771973e-02,1.194942593574523926e-01,-6.140401959419250488e-02,-2.538329660892486572e-01,-4.832128584384918213e-01,6.496251374483108521e-02,-1.001976802945137024e-01,5.095409601926803589e-02
-1.862808316946029663e-02,1.856516450643539429e-01,-1.535877287387847900e-01,1.808732748031616211e-01,2.759072482585906982e-01,-3.687809407711029053e-01,-1.241915598511695862e-01,-2.424675598740577698e-02,7.307418435811996460e-02,-1.561577022075653076e-01
-8.448348194360733032e-02,-9.970138221979141235e-02,5.673510208725929260e-02,1.061314791440963745e-01,8.266574144363403320e-02,-1.128669902682304382e-01,-2.962431311607360840e-01,-4.939833655953407288e-02,8.926816284656524658e-02,6.245130300521850586e-02
2.159096859395503998e-02,1.533651649951934814e-01,-7.346866279840469360e-02,-1.240919809788465500e-03,-3.320290744304656982e-01,4.460366908460855484e-03,-1.308809369802474976e-01,1.665262281894683838e-01,8.983691222965717316e-03,1.548338960856199265e-02
1.034980118274688721e-01,-2.307223975658416748e-01,-1.408080458641052246e-01,-8.893684484064579010e-03,-2.123835729435086250e-03,3.719684109091758728e-02,-1.297560185194015503e-01,-1.672387868165969849e-02,9.897802770137786865e-02,9.115135669708251953e-02
-3.865024149417877197e-01,1.098039299249649048e-01,-4.775961861014366150e-02,1.404888331890106201e-01,-6.454332172870635986e-02,5.409376695752143860e-02,-3.825035095214843750e-01,-3.854318335652351379e-02,5.914031714200973511e-02,-2.711202576756477356e-02
5.620227009057998657e-02,-6.932692229747772217e-02,-2.920244447886943817e-02,1.975376158952713013e-01,-4.075824320316314697e-01,1.686885505914688110e-01,-9.702961146831512451e-02,-2.456660754978656769e-02,-3.086299002170562744e-01,-6.962581723928451538e-02
9.221282601356506348e-02,-3.336721956729888916e-01,5.619451031088829041e-02,-4.874542355537414551e-02,5.287212505936622620e-02,8.049461245536804199e-02,-2.638949155807495117e-01,-3.310180827975273132e-02,-3.445343300700187683e-02,1.357561647891998291e-01
-2.125104367733001709e-01,-2.360838279128074646e-02,2.027910016477108002e-02,4.599193483591079712e-02,-1.440069079399108887e-01,1.259276866912841797e-01,-2.640531659126281738e-01,-2.258716672658920288e-01,9.627948701381683350e-02,1.018113046884536743e-01
1.622143834829330444e-01,-1.304664164781570435e-01,1.206354722380638123e-01,-1.830430515110492706e-02,2.724566869437694550e-02,-2.895950675010681152e-01,-4.321723058819770813e-02,-2.081334888935089111e-01,-1.430849283933639526e-01,2.919879555702209473e-01
-1.497035771608352661e-01,2.142595052719116211e-01,1.615965664386749268e-01,1.588633507490158081e-01,2.699828445911407471e-01,-3.617058694362640381e-01,-2.486344575881958008e-01,-2.431824058294296265e-02,-6.206298712641000748e-05,-2.042899280786514282e-01
1.657442748546600342e-02,1.011943444609642029e-01,1.617717146873474121e-01,-2.069153636693954468e-01,-1.300064623355865479e-01,3.691888600587844849e-02,5.935936793684959412e-02,-7.550361007452011108e-02,1.439520269632339478e-01,-8.724869042634963989e-02
-2.452847175300121307e-02,1.238718628883361816e-01,1.053699627518653870e-01,1.039849221706390381e-01,-1.872286796569824219e-01,6.079969555139541626e-02,-1.597358584403991699e-01,-1.842803955078125000e-01,6.592644006013870239e-02,-2.209223657846450806e-01
5.125704407691955566e-02,-3.938765227794647217e-01,3.524488210678100586e-02,-2.481763064861297607e-02,-4.489403590559959412e-02,5.097026005387306213e-02,3.761745244264602661e-02,1.089507192373275757e-01,-1.080065742135047913e-01,8.951354771852493286e-02
5.726848542690277100e-02,-1.980314403772354126e-02,-1.185124814510345459e-01,1.419499516487121582e-01,-2.076183408498764038e-01,6.694386154413223267e-02,-1.954621821641921997e-01,7.209393382072448730e-02,1.486353576183319092e-01,-9.351244568824768066e-02
2.385528758168220520e-02,-1.682194471359252930e-01,-8.657441288232803345e-02,-1.505402624607086182e-01,4.220725223422050476e-02,-1.635731756687164307e-01,-8.902522176504135132e-02,1.752566248178482056e-01,-5.174030736088752747e-02,1.037679240107536316e-01
1.007071882486343384e-01,-1.794599592685699463e-01,2.274640202522277832e-01,2.379743754863739014e-01,-1.055466309189796448e-01,-1.804288327693939209e-01,-3.520212471485137939e-01,1.209918186068534851e-01,-1.792798191308975220e-01,-3.576541244983673096e-01
5.683961883187294006e-02,1.006781756877899170e-01,-1.084061563014984131e-01,-1.485976874828338623e-01,7.513292878866195679e-02,-1.486246585845947266e-01,7.096767425537109375e-03,1.264483779668807983e-01,1.079572960734367371e-01,1.015437543392181396e-01
-2.779887020587921143e-01,1.772083193063735962e-01,-1.970876902341842651e-01,-2.650875449180603027e-01,1.076122075319290161e-01,3.521834313869476318e-01,-2.920746803283691406e-01,1.114998906850814819e-01,-6.634929031133651733e-02,6.538162380456924438e-02
4.422537237405776978e-02,-2.569873929023742676e-01,1.095867902040481567e-01,3.796537593007087708e-02,4.803296923637390137e-02,8.195943385362625122e-02,-2.079891860485076904e-01,-6.793349981307983398e-02,3.306662663817405701e-02,4.903766885399818420e-02
-1.938852816820144653e-01,1.728908121585845947e-01,-7.041640579700469971e-02,1.725459694862365723e-01,9.174057096242904663e-02,-3.705891668796539307e-01,-1.939570754766464233e-01,1.797869801521301270e-01,-2.898069322109222412e-01,1.285190880298614502e-01
1.950829923152923584e-01,1.600621491670608521e-01,-1.011392008513212204e-02,-7.992380112409591675e-02,-8.825119584798812866e-02,2.440328523516654968e-02,-1.433248817920684814e-01,4.009408652782440186e-01,-4.464788734912872314e-01,-2.505505383014678955e-01
-6.426455080509185791e-02,3.389395475387573242e-01,-3.270578384399414062e-01,2.475426495075225830e-01,-3.142133355140686035e-01,2.376950085163116455e-01,-5.454930290579795837e-02,2.107490301132202148e-01,-4.744477272033691406e-01,-6.155649945139884949e-02
-1.307329237461090088e-01,7.473742961883544922e-02,-1.602354794740676880e-01,1.395383179187774658e-01,-2.211539596319198608e-01,-1.538524590432643890e-02,1.847915723919868469e-02,3.880475461483001709e-02,2.701157703995704651e-02,7.131761312484741211e-02
-2.728336453437805176e-01,9.208899736404418945e-02,-1.323603838682174683e-02,-2.935173511505126953e-01,1.289714723825454712e-01,-1.536470465362071991e-02,8.498749881982803345e-02,-2.592837512493133545e-01,1.079126372933387756e-01,9.621508419513702393e-02
-1.792546957731246948e-01,-1.726671755313873291e-01,-3.925019130110740662e-02,9.644396603107452393e-02,5.211793631315231323e-02,-8.012666553258895874e-02,-2.135227434337139130e-02,-4.390598833560943604e-02,1.131620183587074280e-01,-1.033722162246704102e-01
3.292199224233627319e-02,-9.230832010507583618e-02,-1.007046252489089966e-01,5.161155387759208679e-02,-2.264244407415390015e-01,1.239961534738540649e-01,7.145448029041290283e-02,-2.946188449859619141e-01,1.008599475026130676e-01,9.151910245418548584e-02
-1.662188395857810974e-02,-1.474870443344116211e-01,7.678867876529693604e-02,-2.405251190066337585e-02,6.822346150875091553e-02,7.307576388120651245e-02,1.718932617222890258e-04,-2.606145739555358887e-01,-4.199499636888504028e-02,-2.073387205600738525e-01
-1.493683606386184692e-01,1.395250558853149414e-01,8.898091316223144531e-02,-1.964916139841079712e-01,1.842695660889148712e-02,-1.161932572722434998e-01,1.798374652862548828e-01,-3.117485344409942627e-02,1.944394968450069427e-02,-3.362198472023010254e-01
-9.065481275320053101e-02,-5.377740785479545593e-02,1.021818071603775024e-01,8.017826080322265625e-02,1.759521081112325191e-03,1.026328578591346741e-01,8.881339430809020996e-02,-1.680090874433517456e-01,8.632735162973403931e-02,-1.710225455462932587e-02
-2.049691528081893921e-01,-2.054895460605621338e-01,1.223143711686134338e-01,1.224856451153755188e-01,-8.898092433810234070e-03,-5.378200411796569824e-01,9.478881210088729858e-02,4.636486619710922241e-02,9.309996664524078369e-02,6.873353570699691772e-02
-2.192710489034652710e-01,6.193737685680389404e-02,-8.656401187181472778e-02,-4.896385222673416138e-02,8.518234640359878540e-02,1.349008381366729736e-01,-1.183610633015632629e-01,1.095708608627319336e-01,1.207328066229820251e-01,-1.188816130161285400e-01
3.178891912102699280e-02,6.447440385818481445e-02,-6.154017057269811630e-03,-5.827995948493480682e-03,-6.041449680924415588e-02,-4.606004431843757629e-02,-6.071165576577186584e-02,-2.626001648604869843e-02,6.058075278997421265e-02,-1.280055567622184753e-02
2.282112836837768555e-01,-1.389499008655548096e-01,1.895709037780761719e-01,-1.507044136524200439e-01,4.189793765544891357e-02,-1.700139492750167847e-01,-8.438902348279953003e-02,-7.146994769573211670e-02,-5.079231858253479004e-01,6.602635234594345093e-02
1.291807889938354492e-01,-1.980489939451217651e-01,1.402738690376281738e-01,4.043691977858543396e-02,-1.580928415060043335e-01,3.285681828856468201e-02,-2.293534576892852783e-02,1.766622662544250488e-01,-7.272930443286895752e-02,-1.071922108530998230e-01
1.217600032687187195e-01,-1.924592703580856323e-01,-8.122177422046661377e-02,-5.807391181588172913e-02,-7.049077004194259644e-02,6.896063685417175293e-02,7.294970750808715820e-02,-1.176637038588523865e-01,2.617900259792804718e-02,-1.256855577230453491e-01
1.076380684971809387e-01,1.046714410185813904e-01,1.325567215681076050e-01,1.775930076837539673e-01,5.809422954916954041e-02,-5.744592845439910889e-02,9.930799156427383423e-02,-1.689299196004867554e-01,-2.672597169876098633e-01,-4.631723165512084961e-01
8.163433521986007690e-02,1.609454452991485596e-01,-1.985288858413696289e-01,-3.992452621459960938e-01,2.158935554325580597e-02,-1.475748978555202484e-02,1.405323147773742676e-01,2.209938615560531616e-01,-1.914314925670623779e-01,1.003820225596427917e-01
-1.535842716693878174e-01,1.109530851244926453e-01,5.929474160075187683e-02,-2.000241130590438843e-01,1.202851086854934692e-01,-2.249422520399093628e-01,2.830519340932369232e-03,1.348201185464859009e-01,7.587673515081405640e-02,6.540881842374801636e-02
8.107680827379226685e-02,-3.468042984604835510e-02,6.816983968019485474e-02,-9.286697208881378174e-02,5.095779523253440857e-02,-9.812135249376296997e-02,1.551852226257324219e-01,-3.171925246715545654e-01,6.999143958091735840e-02,-1.021887734532356262e-02
5.463158711791038513e-03,-4.658345133066177368e-02,3.732267022132873535e-02,-1.122628245502710342e-02,-1.521485764533281326e-02,3.963287156238948228e-07,-3.225106373429298401e-02,-3.000784665346145630e-02,3.548426553606987000e-02,5.359916388988494873e-02
2.687028795480728149e-02,1.005254164338111877e-01,1.979974955320358276e-01,-3.269900009036064148e-02,-6.859704852104187012e-01,-3.868422657251358032e-02,-2.418447136878967285e-01,1.091766357421875000e-01,-5.199389159679412842e-02,6.817830353975296021e-02
-8.016678690910339355e-02,8.943470567464828491e-02,-2.304020673036575317e-01,-2.030465751886367798e-01,5.306205525994300842e-02,1.601059138774871826e-01,2.478106915950775146e-01,-1.720390468835830688e-01,8.088259398937225342e-02,-3.302916884422302246e-02
7.746894657611846924e-02,1.692154705524444580e-01,2.690814733505249023e-01,-1.041710302233695984e-01,-4.240265861153602600e-02,4.722809419035911560e-02,-1.564660109579563141e-02,2.843183279037475586e-01,-3.912456631660461426e-01,-3.282180428504943848e-01
4.626289382576942444e-02,1.463941931724548340e-01,-3.082049451768398285e-02,4.693801328539848328e-02,-3.830567598342895508e-01,-8.640504442155361176e-03,4.622923955321311951e-02,-1.336115896701812744e-01,3.318417817354202271e-02,-4.744625184684991837e-03
9.505577385425567627e-02,-1.944284588098526001e-01,2.071573287248611450e-01,-7.803036272525787354e-02,-2.338006198406219482e-01,9.945255517959594727e-02,3.946129605174064636e-02,1.420124918222427368e-01,-7.813210785388946533e-02,-3.576395213603973389e-01
4.925979673862457275e-02,-2.000834196805953979e-01,-1.612956225872039795e-01,9.088253974914550781e-02,1.005728766322135925e-01,1.058337017893791199e-01,7.281183451414108276e-02,2.254842966794967651e-02,-1.252125576138496399e-02,-2.262797206640243530e-02
-4.709203168749809265e-02,-1.822279989719390869e-01,5.086623877286911011e-02,1.187171265482902527e-01,-1.371506694704294205e-02,-2.367294393479824066e-02,1.554646790027618408e-01,8.366432785987854004e-02,1.261149346828460693e-01,-1.925942152738571167e-01
8.873465657234191895e-02,2.638092078268527985e-02,1.461950838565826416e-01,-1.587712466716766357e-01,1.688939034938812256e-01,5.830607935786247253e-02,-1.789208799600601196e-01,-5.229575559496879578e-02,1.484362632036209106e-01,-1.405324339866638184e-01
-2.478151582181453705e-02,2.204562872648239136e-01,-2.496805936098098755e-01,1.033558323979377747e-01,2.764160037040710449e-01,-4.577572941780090332e-01,-5.562067404389381409e-02,-9.080100804567337036e-02,-2.511518895626068115e-01,2.219083160161972046e-01
4.736218973994255066e-02,1.584359854459762573e-01,5.801099538803100586e-02,8.486998267471790314e-03,-3.296065032482147217e-01,-1.613242328166961670e-01,-2.238387465476989746e-01,-1.708605699241161346e-02,1.012086644768714905e-01,6.825181841850280762e-02
-1.956221312284469604e-01,5.061099678277969360e-02,3.435463085770606995e-02,-3.190851584076881409e-02,-1.573770642280578613e-01,8.961620740592479706e-03,-2.061601579189300537e-01,-7.715375721454620361e-02,1.336488276720046997e-01,3.299190104007720947e-02
-2.315137982368469238e-01,-1.906143724918365479e-01,-2.078204303979873657e-01,9.658081084489822388e-02,1.327555179595947266e-01,6.862360239028930664e-02,-4.198078513145446777e-01,2.950716949999332428e-02,8.417256176471710205e-02,-2.526506595313549042e-02
-6.718166917562484741e-02,-1.850315183401107788e-01,4.185350984334945679e-02,-3.198432922363281250e-01,7.131543755531311035e-02,1.297382712364196777e-01,1.667597591876983643e-01,-3.054377734661102295e-01,9.485694766044616699e-02,-4.392805043607950211e-03
-5.144688487052917480e-02,-1.924604326486587524e-01,-1.331579387187957764e-01,-2.249309569597244263e-01,1.305446624755859375e-01,4.604002460837364197e-02,-4.292071796953678131e-03,6.870069354772567749e-02,8.070590347051620483e-02,1.524533983319997787e-02
-4.098081290721893311e-01,2.782960236072540283e-01,1.115365773439407349e-01,2.877545310184359550e-03,1.903180480003356934e-01,-1.485641673207283020e-02,-1.094263121485710144e-01,-3.520348966121673584e-01,-3.917642682790756226e-02,8.801490068435668945e-02
-3.555185198783874512e-01,1.800175607204437256e-01,1.293234676122665405e-01,-7.830986380577087402e-02,-4.822742566466331482e-02,-1.880724914371967316e-02,7.508713006973266602e-02,5.423762649297714233e-02,-8.360436558723449707e-02,-4.752811491489410400e-01
